instance,n,qubits,solver,depth,seed,feasible,hit_opt,manoeuvres,manoeuvre_gap,energy,opt_energy,energy_gap,expected_energy,approx_ratio,p_opt,feas_rate,seconds,notes
CP_3,3,9,brute_force,,,True,True,2,0.0,2.0,2.0,0.0,,,,,0.001,ground truth
CP_3,3,9,simulated_annealing,,0.0,True,True,2,0.0,2.0,2.0,0.0,,,,,1.006,"reads=80,sweeps=1500"
CP_3,3,9,qaoa_numpy,1.0,0.0,False,False,0,,24.0,2.0,22.0,20.18,10.09,0.001959,0.002008,0.024,restarts=16
CP_3,3,9,qaoa_numpy,2.0,0.0,False,False,0,,16.0,2.0,14.0,11.6184,5.8092,0.096411,0.107305,0.068,restarts=16
CP_3,3,9,qaoa_numpy,3.0,0.0,False,False,0,,24.0,2.0,22.0,16.4732,8.2366,0.012568,0.01286,0.144,restarts=16
CP_3,3,9,qaoa_numpy,4.0,0.0,True,False,3,1.0,3.0,2.0,1.0,10.6668,5.3334,0.096589,0.488446,0.249,restarts=16
CP_3,3,9,qaoa_qiskit,1.0,0.0,True,True,2,0.0,2.0,2.0,0.0,20.2242,10.1121,0.002379,0.002447,0.76,"noiseless,shots=8192"
CP_3,3,9,qaoa_qiskit,2.0,0.0,True,True,2,0.0,2.0,2.0,0.0,31.4487,15.7244,0.00149,0.005159,0.299,"noiseless,shots=8192"
CP_3,3,9,qaoa_qiskit,3.0,0.0,True,True,2,0.0,2.0,2.0,0.0,25.5534,12.7767,0.02797,0.054501,0.407,"noiseless,shots=8192"
CP_3,3,9,qaoa_qiskit,4.0,0.0,True,True,2,0.0,2.0,2.0,0.0,33.9386,16.9693,0.038596,0.052045,0.495,"noiseless,shots=8192"
CP_3,3,9,qaoa_qiskit_noisy,1.0,0.0,True,True,2,0.0,2.0,2.0,0.0,20.1021,10.051,0.002441,0.002563,0.275,"noisy,shots=8192"
CP_3,3,9,qaoa_qiskit_noisy,2.0,0.0,True,True,2,0.0,2.0,2.0,0.0,31.2767,15.6384,0.001221,0.003662,0.291,"noisy,shots=8192"
CP_3,3,9,qaoa_qiskit_noisy,3.0,0.0,True,True,2,0.0,2.0,2.0,0.0,25.3943,12.6971,0.025024,0.051636,0.379,"noisy,shots=8192"
CP_3,3,9,qaoa_qiskit_noisy,4.0,0.0,True,True,2,0.0,2.0,2.0,0.0,33.8186,16.9093,0.03894,0.05249,0.489,"noisy,shots=8192"
CP_3,3,9,simulated_annealing,,1.0,True,True,2,0.0,2.0,2.0,0.0,,,,,0.956,"reads=80,sweeps=1500"
CP_3,3,9,qaoa_numpy,1.0,1.0,False,False,0,,24.0,2.0,22.0,17.8814,8.9407,0.001313,0.001327,0.026,restarts=16
CP_3,3,9,qaoa_numpy,2.0,1.0,False,False,0,,16.0,2.0,14.0,15.5323,7.7661,0.043905,0.047015,0.077,restarts=16
CP_3,3,9,qaoa_numpy,3.0,1.0,False,False,0,,24.0,2.0,22.0,18.9329,9.4665,0.004451,0.004648,0.155,restarts=16
CP_3,3,9,qaoa_numpy,4.0,1.0,False,False,1,,9.0,2.0,7.0,11.4905,5.7453,0.141325,0.163804,0.257,restarts=16
CP_3,3,9,qaoa_qiskit,1.0,1.0,True,True,2,0.0,2.0,2.0,0.0,26.9963,13.4982,0.068579,0.156948,0.199,"noiseless,shots=8192"
CP_3,3,9,qaoa_qiskit,2.0,1.0,True,True,2,0.0,2.0,2.0,0.0,25.4836,12.7418,0.012423,0.014933,0.297,"noiseless,shots=8192"
CP_3,3,9,qaoa_qiskit,3.0,1.0,True,True,2,0.0,2.0,2.0,0.0,18.5558,9.2779,0.07593,0.102737,0.423,"noiseless,shots=8192"
CP_3,3,9,qaoa_qiskit,4.0,1.0,True,True,2,0.0,2.0,2.0,0.0,26.0793,13.0397,0.025355,0.032918,0.538,"noiseless,shots=8192"
CP_3,3,9,qaoa_qiskit_noisy,1.0,1.0,True,True,2,0.0,2.0,2.0,0.0,26.6143,13.3071,0.06958,0.161133,0.232,"noisy,shots=8192"
CP_3,3,9,qaoa_qiskit_noisy,2.0,1.0,True,True,2,0.0,2.0,2.0,0.0,25.8184,12.9092,0.01355,0.016724,0.307,"noisy,shots=8192"
CP_3,3,9,qaoa_qiskit_noisy,3.0,1.0,True,True,2,0.0,2.0,2.0,0.0,18.4907,9.2454,0.073608,0.097534,0.403,"noisy,shots=8192"
CP_3,3,9,qaoa_qiskit_noisy,4.0,1.0,True,True,2,0.0,2.0,2.0,0.0,25.9146,12.9573,0.020386,0.027222,0.46,"noisy,shots=8192"
CP_3,3,9,simulated_annealing,,2.0,True,True,2,0.0,2.0,2.0,0.0,,,,,0.948,"reads=80,sweeps=1500"
CP_3,3,9,qaoa_numpy,1.0,2.0,True,False,3,1.0,3.0,2.0,1.0,18.4985,9.2493,0.119314,0.198182,0.026,restarts=16
CP_3,3,9,qaoa_numpy,2.0,2.0,False,False,0,,24.0,2.0,22.0,27.3425,13.6713,0.039402,0.044583,0.08,restarts=16
CP_3,3,9,qaoa_numpy,3.0,2.0,False,False,2,,10.0,2.0,8.0,13.4229,6.7115,0.096635,0.135101,0.163,restarts=16
CP_3,3,9,qaoa_numpy,4.0,2.0,True,False,3,1.0,3.0,2.0,1.0,7.3069,3.6534,0.320451,0.569902,0.282,restarts=16
CP_3,3,9,qaoa_qiskit,1.0,2.0,True,True,2,0.0,2.0,2.0,0.0,20.1877,10.0938,0.001766,0.001808,0.233,"noiseless,shots=8192"
CP_3,3,9,qaoa_qiskit,2.0,2.0,True,True,2,0.0,2.0,2.0,0.0,13.7893,6.8947,0.080023,0.093936,0.315,"noiseless,shots=8192"
CP_3,3,9,qaoa_qiskit,3.0,2.0,True,True,2,0.0,2.0,2.0,0.0,18.6007,9.3003,0.033694,0.037064,0.392,"noiseless,shots=8192"
CP_3,3,9,qaoa_qiskit,4.0,2.0,True,True,2,0.0,2.0,2.0,0.0,14.0792,7.0396,0.039212,0.039812,0.452,"noiseless,shots=8192"
CP_3,3,9,qaoa_qiskit_noisy,1.0,2.0,True,True,2,0.0,2.0,2.0,0.0,20.2347,10.1174,0.001221,0.001221,0.22,"noisy,shots=8192"
CP_3,3,9,qaoa_qiskit_noisy,2.0,2.0,True,True,2,0.0,2.0,2.0,0.0,13.5333,6.7667,0.083374,0.0979,0.311,"noisy,shots=8192"
CP_3,3,9,qaoa_qiskit_noisy,3.0,2.0,True,True,2,0.0,2.0,2.0,0.0,18.6046,9.3023,0.035889,0.038818,0.405,"noisy,shots=8192"
CP_3,3,9,qaoa_qiskit_noisy,4.0,2.0,True,True,2,0.0,2.0,2.0,0.0,14.2699,7.1349,0.040527,0.041138,0.491,"noisy,shots=8192"
CP_3,3,9,simulated_annealing,,3.0,True,True,2,0.0,2.0,2.0,0.0,,,,,0.899,"reads=80,sweeps=1500"
CP_3,3,9,qaoa_numpy,1.0,3.0,True,False,3,1.0,3.0,2.0,1.0,18.4985,9.2493,0.119314,0.198182,0.023,restarts=16
CP_3,3,9,qaoa_numpy,2.0,3.0,False,False,0,,16.0,2.0,14.0,14.4376,7.2188,0.096456,0.121085,0.073,restarts=16
CP_3,3,9,qaoa_numpy,3.0,3.0,True,False,3,1.0,3.0,2.0,1.0,23.3461,11.673,0.101028,0.154456,0.168,restarts=16
CP_3,3,9,qaoa_numpy,4.0,3.0,False,False,0,,16.0,2.0,14.0,13.5618,6.7809,0.109603,0.151782,0.278,restarts=16
CP_3,3,9,qaoa_qiskit,1.0,3.0,True,True,2,0.0,2.0,2.0,0.0,19.0719,9.536,0.003881,0.004054,0.226,"noiseless,shots=8192"
CP_3,3,9,qaoa_qiskit,2.0,3.0,True,True,2,0.0,2.0,2.0,0.0,42.4873,21.2436,0.006031,0.020558,0.313,"noiseless,shots=8192"
CP_3,3,9,qaoa_qiskit,3.0,3.0,True,True,2,0.0,2.0,2.0,0.0,18.9822,9.4911,0.04154,0.044901,0.412,"noiseless,shots=8192"
CP_3,3,9,qaoa_qiskit,4.0,3.0,True,True,2,0.0,2.0,2.0,0.0,31.6672,15.8336,0.022321,0.024975,0.485,"noiseless,shots=8192"
CP_3,3,9,qaoa_qiskit_noisy,1.0,3.0,True,True,2,0.0,2.0,2.0,0.0,19.1028,9.5514,0.00354,0.00354,0.22,"noisy,shots=8192"
CP_3,3,9,qaoa_qiskit_noisy,2.0,3.0,True,True,2,0.0,2.0,2.0,0.0,42.8149,21.4075,0.005005,0.021851,0.308,"noisy,shots=8192"
CP_3,3,9,qaoa_qiskit_noisy,3.0,3.0,True,True,2,0.0,2.0,2.0,0.0,18.7769,9.3884,0.044434,0.049072,0.401,"noisy,shots=8192"
CP_3,3,9,qaoa_qiskit_noisy,4.0,3.0,True,True,2,0.0,2.0,2.0,0.0,32.3395,16.1697,0.023071,0.02478,0.49,"noisy,shots=8192"
CP_3,3,9,simulated_annealing,,4.0,True,True,2,0.0,2.0,2.0,0.0,,,,,0.965,"reads=80,sweeps=1500"
CP_3,3,9,qaoa_numpy,1.0,4.0,False,False,0,,24.0,2.0,22.0,28.9487,14.4744,0.066342,0.086653,0.022,restarts=16
CP_3,3,9,qaoa_numpy,2.0,4.0,True,True,2,0.0,2.0,2.0,0.0,11.834,5.917,0.142072,0.170841,0.074,restarts=16
CP_3,3,9,qaoa_numpy,3.0,4.0,True,False,3,1.0,3.0,2.0,1.0,13.3437,6.6719,0.123202,0.169723,0.159,restarts=16
CP_3,3,9,qaoa_numpy,4.0,4.0,False,False,0,,24.0,2.0,22.0,11.9065,5.9532,0.172613,0.224686,0.285,restarts=16
CP_3,3,9,qaoa_qiskit,1.0,4.0,True,True,2,0.0,2.0,2.0,0.0,40.545,20.2725,0.001744,0.001766,0.227,"noiseless,shots=8192"
CP_3,3,9,qaoa_qiskit,2.0,4.0,True,True,2,0.0,2.0,2.0,0.0,41.8498,20.9249,0.005413,0.005579,0.324,"noiseless,shots=8192"
CP_3,3,9,qaoa_qiskit,3.0,4.0,True,True,2,0.0,2.0,2.0,0.0,25.6033,12.8017,0.026935,0.103512,0.406,"noiseless,shots=8192"
CP_3,3,9,qaoa_qiskit,4.0,4.0,True,True,2,0.0,2.0,2.0,0.0,21.6123,10.8061,0.021462,0.022391,0.454,"noiseless,shots=8192"
CP_3,3,9,qaoa_qiskit_noisy,1.0,4.0,True,True,2,0.0,2.0,2.0,0.0,40.3846,20.1923,0.001709,0.001709,0.206,"noisy,shots=8192"
CP_3,3,9,qaoa_qiskit_noisy,2.0,4.0,True,True,2,0.0,2.0,2.0,0.0,41.3684,20.6842,0.004639,0.004761,0.302,"noisy,shots=8192"
CP_3,3,9,qaoa_qiskit_noisy,3.0,4.0,True,True,2,0.0,2.0,2.0,0.0,25.6117,12.8058,0.025024,0.103271,0.401,"noisy,shots=8192"
CP_3,3,9,qaoa_qiskit_noisy,4.0,4.0,True,True,2,0.0,2.0,2.0,0.0,21.6884,10.8442,0.018311,0.019409,0.495,"noisy,shots=8192"
RND3_1,3,9,brute_force,,,True,True,1,0.0,1.0,1.0,0.0,,,,,0.001,ground truth
RND3_1,3,9,simulated_annealing,,0.0,True,True,1,0.0,1.0,1.0,0.0,,,,,0.916,"reads=80,sweeps=1500"
RND3_1,3,9,qaoa_numpy,1.0,0.0,False,False,0,,16.0,1.0,15.0,16.9043,16.9043,0.011669,0.012677,0.023,restarts=16
RND3_1,3,9,qaoa_numpy,2.0,0.0,False,False,0,,8.0,1.0,7.0,10.9302,10.9302,0.082299,0.169334,0.072,restarts=16
RND3_1,3,9,qaoa_numpy,3.0,0.0,False,False,0,,8.0,1.0,7.0,12.7691,12.7691,0.076542,0.101275,0.156,restarts=16
RND3_1,3,9,qaoa_numpy,4.0,0.0,True,False,3,2.0,3.0,1.0,2.0,10.9634,10.9634,0.004031,0.312403,0.291,restarts=16
RND3_1,3,9,qaoa_qiskit,1.0,0.0,True,True,1,0.0,1.0,1.0,0.0,16.9897,16.9897,0.008508,0.009437,0.223,"noiseless,shots=8192"
RND3_1,3,9,qaoa_qiskit,2.0,0.0,True,True,1,0.0,1.0,1.0,0.0,18.5896,18.5896,0.009167,0.061788,0.318,"noiseless,shots=8192"
RND3_1,3,9,qaoa_qiskit,3.0,0.0,True,True,1,0.0,1.0,1.0,0.0,38.6269,38.6269,0.020336,0.026145,0.398,"noiseless,shots=8192"
RND3_1,3,9,qaoa_qiskit,4.0,0.0,True,True,1,0.0,1.0,1.0,0.0,21.2493,21.2493,0.027592,0.13758,0.475,"noiseless,shots=8192"
RND3_1,3,9,qaoa_qiskit_noisy,1.0,0.0,True,True,1,0.0,1.0,1.0,0.0,16.822,16.822,0.007202,0.007568,0.202,"noisy,shots=8192"
RND3_1,3,9,qaoa_qiskit_noisy,2.0,0.0,True,True,1,0.0,1.0,1.0,0.0,18.6672,18.6672,0.009521,0.061401,0.3,"noisy,shots=8192"
RND3_1,3,9,qaoa_qiskit_noisy,3.0,0.0,True,True,1,0.0,1.0,1.0,0.0,38.4941,38.4941,0.019653,0.024658,0.401,"noisy,shots=8192"
RND3_1,3,9,qaoa_qiskit_noisy,4.0,0.0,True,True,1,0.0,1.0,1.0,0.0,21.2102,21.2102,0.029053,0.1427,0.498,"noisy,shots=8192"
RND3_1,3,9,simulated_annealing,,1.0,True,True,1,0.0,1.0,1.0,0.0,,,,,0.93,"reads=80,sweeps=1500"
RND3_1,3,9,qaoa_numpy,1.0,1.0,False,False,0,,16.0,1.0,15.0,15.4834,15.4834,0.013839,0.014931,0.02,restarts=16
RND3_1,3,9,qaoa_numpy,2.0,1.0,False,False,0,,16.0,1.0,15.0,19.6301,19.6301,0.022071,0.030479,0.068,restarts=16
RND3_1,3,9,qaoa_numpy,3.0,1.0,False,False,2,,10.0,1.0,9.0,22.1876,22.1876,0.000486,0.088186,0.153,restarts=16
RND3_1,3,9,qaoa_numpy,4.0,1.0,False,False,0,,8.0,1.0,7.0,11.5078,11.5078,0.129178,0.179912,0.263,restarts=16
RND3_1,3,9,qaoa_qiskit,1.0,1.0,True,True,1,0.0,1.0,1.0,0.0,18.4283,18.4283,0.020343,0.147603,0.203,"noiseless,shots=8192"
RND3_1,3,9,qaoa_qiskit,2.0,1.0,True,True,1,0.0,1.0,1.0,0.0,24.5276,24.5276,0.014393,0.021173,0.29,"noiseless,shots=8192"
RND3_1,3,9,qaoa_qiskit,3.0,1.0,True,True,1,0.0,1.0,1.0,0.0,25.5343,25.5343,0.032,0.050535,0.387,"noiseless,shots=8192"
RND3_1,3,9,qaoa_qiskit,4.0,1.0,True,True,1,0.0,1.0,1.0,0.0,19.8189,19.8189,0.004971,0.125286,0.481,"noiseless,shots=8192"
RND3_1,3,9,qaoa_qiskit_noisy,1.0,1.0,True,True,1,0.0,1.0,1.0,0.0,18.5045,18.5045,0.017334,0.145386,0.222,"noisy,shots=8192"
RND3_1,3,9,qaoa_qiskit_noisy,2.0,1.0,True,True,1,0.0,1.0,1.0,0.0,24.418,24.418,0.014771,0.021851,0.294,"noisy,shots=8192"
RND3_1,3,9,qaoa_qiskit_noisy,3.0,1.0,True,True,1,0.0,1.0,1.0,0.0,25.6249,25.6249,0.030884,0.046753,0.386,"noisy,shots=8192"
RND3_1,3,9,qaoa_qiskit_noisy,4.0,1.0,True,True,1,0.0,1.0,1.0,0.0,19.8962,19.8962,0.004883,0.125732,0.447,"noisy,shots=8192"
RND3_1,3,9,simulated_annealing,,2.0,True,True,1,0.0,1.0,1.0,0.0,,,,,0.913,"reads=80,sweeps=1500"
RND3_1,3,9,qaoa_numpy,1.0,2.0,True,False,3,2.0,3.0,1.0,2.0,18.3727,18.3727,0.019497,0.146739,0.026,restarts=16
RND3_1,3,9,qaoa_numpy,2.0,2.0,False,False,0,,16.0,1.0,15.0,27.0798,27.0798,0.077022,0.09562,0.087,restarts=16
RND3_1,3,9,qaoa_numpy,3.0,2.0,False,False,2,,10.0,1.0,9.0,13.526,13.526,0.024844,0.127052,0.16,restarts=16
RND3_1,3,9,qaoa_numpy,4.0,2.0,True,False,3,2.0,3.0,1.0,2.0,16.5394,16.5394,0.019122,0.188627,0.382,restarts=16
RND3_1,3,9,qaoa_qiskit,1.0,2.0,True,True,1,0.0,1.0,1.0,0.0,42.2965,42.2965,0.002397,0.00735,0.274,"noiseless,shots=8192"
RND3_1,3,9,qaoa_qiskit,2.0,2.0,True,True,1,0.0,1.0,1.0,0.0,13.4065,13.4065,0.04915,0.070013,0.322,"noiseless,shots=8192"
RND3_1,3,9,qaoa_qiskit,3.0,2.0,True,True,1,0.0,1.0,1.0,0.0,18.219,18.219,0.003129,0.020022,0.412,"noiseless,shots=8192"
RND3_1,3,9,qaoa_qiskit,4.0,2.0,True,True,1,0.0,1.0,1.0,0.0,30.3505,30.3505,0.022922,0.029579,0.47,"noiseless,shots=8192"
RND3_1,3,9,qaoa_qiskit_noisy,1.0,2.0,True,True,1,0.0,1.0,1.0,0.0,43.0105,43.0105,0.001343,0.007935,0.21,"noisy,shots=8192"
RND3_1,3,9,qaoa_qiskit_noisy,2.0,2.0,True,True,1,0.0,1.0,1.0,0.0,13.3344,13.3344,0.048706,0.071655,0.291,"noisy,shots=8192"
RND3_1,3,9,qaoa_qiskit_noisy,3.0,2.0,True,True,1,0.0,1.0,1.0,0.0,18.2557,18.2557,0.003296,0.019531,0.388,"noisy,shots=8192"
RND3_1,3,9,qaoa_qiskit_noisy,4.0,2.0,True,True,1,0.0,1.0,1.0,0.0,30.5277,30.5277,0.022217,0.028931,0.486,"noisy,shots=8192"
RND3_1,3,9,simulated_annealing,,3.0,True,True,1,0.0,1.0,1.0,0.0,,,,,0.948,"reads=80,sweeps=1500"
RND3_1,3,9,qaoa_numpy,1.0,3.0,True,False,3,2.0,3.0,1.0,2.0,18.3727,18.3727,0.019497,0.146739,0.024,restarts=16
RND3_1,3,9,qaoa_numpy,2.0,3.0,False,False,0,,8.0,1.0,7.0,15.1476,15.1476,0.027156,0.044212,0.076,restarts=16
RND3_1,3,9,qaoa_numpy,3.0,3.0,False,False,0,,24.0,1.0,23.0,26.265,26.265,0.01935,0.052479,0.157,restarts=16
RND3_1,3,9,qaoa_numpy,4.0,3.0,True,False,3,2.0,3.0,1.0,2.0,20.0997,20.0997,0.009466,0.165093,0.253,restarts=16
RND3_1,3,9,qaoa_qiskit,1.0,3.0,True,True,1,0.0,1.0,1.0,0.0,16.0085,16.0085,0.017733,0.028783,0.193,"noiseless,shots=8192"
RND3_1,3,9,qaoa_qiskit,2.0,3.0,True,True,1,0.0,1.0,1.0,0.0,15.068,15.068,0.029315,0.052649,0.278,"noiseless,shots=8192"
RND3_1,3,9,qaoa_qiskit,3.0,3.0,True,True,1,0.0,1.0,1.0,0.0,26.1206,26.1206,0.000288,0.000374,0.39,"noiseless,shots=8192"
RND3_1,3,9,qaoa_qiskit,4.0,3.0,True,True,1,0.0,1.0,1.0,0.0,41.8351,41.8351,0.015488,0.033035,0.509,"noiseless,shots=8192"
RND3_1,3,9,qaoa_qiskit_noisy,1.0,3.0,True,True,1,0.0,1.0,1.0,0.0,15.8596,15.8596,0.018555,0.030396,0.219,"noisy,shots=8192"
RND3_1,3,9,qaoa_qiskit_noisy,2.0,3.0,True,True,1,0.0,1.0,1.0,0.0,15.0736,15.0736,0.029297,0.050903,0.321,"noisy,shots=8192"
RND3_1,3,9,qaoa_qiskit_noisy,3.0,3.0,True,True,1,0.0,1.0,1.0,0.0,26.1018,26.1018,0.000488,0.000488,0.39,"noisy,shots=8192"
RND3_1,3,9,qaoa_qiskit_noisy,4.0,3.0,True,True,1,0.0,1.0,1.0,0.0,41.9941,41.9941,0.013062,0.029663,0.449,"noisy,shots=8192"
RND3_1,3,9,simulated_annealing,,4.0,True,True,1,0.0,1.0,1.0,0.0,,,,,0.982,"reads=80,sweeps=1500"
RND3_1,3,9,qaoa_numpy,1.0,4.0,False,False,0,,24.0,1.0,23.0,29.3643,29.3643,0.006903,0.021955,0.023,restarts=16
RND3_1,3,9,qaoa_numpy,2.0,4.0,False,False,0,,8.0,1.0,7.0,13.049,13.049,0.050759,0.113718,0.074,restarts=16
RND3_1,3,9,qaoa_numpy,3.0,4.0,False,False,0,,16.0,1.0,15.0,12.8178,12.8178,0.064979,0.16097,0.157,restarts=16
RND3_1,3,9,qaoa_numpy,4.0,4.0,False,False,0,,8.0,1.0,7.0,12.4549,12.4549,0.043045,0.177561,0.275,restarts=16
RND3_1,3,9,qaoa_qiskit,1.0,4.0,True,True,1,0.0,1.0,1.0,0.0,41.1697,41.1697,0.002456,0.017774,0.216,"noiseless,shots=8192"
RND3_1,3,9,qaoa_qiskit,2.0,4.0,True,True,1,0.0,1.0,1.0,0.0,24.7292,24.7292,0.029519,0.031806,0.298,"noiseless,shots=8192"
RND3_1,3,9,qaoa_qiskit,3.0,4.0,True,True,1,0.0,1.0,1.0,0.0,25.8741,25.8741,0.00483,0.035142,0.396,"noiseless,shots=8192"
RND3_1,3,9,qaoa_qiskit,4.0,4.0,True,True,1,0.0,1.0,1.0,0.0,32.9715,32.9715,0.007549,0.029387,0.449,"noiseless,shots=8192"
RND3_1,3,9,qaoa_qiskit_noisy,1.0,4.0,True,True,1,0.0,1.0,1.0,0.0,40.9886,40.9886,0.001953,0.01709,0.199,"noisy,shots=8192"
RND3_1,3,9,qaoa_qiskit_noisy,2.0,4.0,True,True,1,0.0,1.0,1.0,0.0,24.5876,24.5876,0.029175,0.031494,0.296,"noisy,shots=8192"
RND3_1,3,9,qaoa_qiskit_noisy,3.0,4.0,True,True,1,0.0,1.0,1.0,0.0,25.8129,25.8129,0.005127,0.03418,0.403,"noisy,shots=8192"
RND3_1,3,9,qaoa_qiskit_noisy,4.0,4.0,True,True,1,0.0,1.0,1.0,0.0,32.8441,32.8441,0.008301,0.02832,0.499,"noisy,shots=8192"
RND3_2,3,9,brute_force,,,True,True,2,0.0,2.0,2.0,0.0,,,,,0.001,ground truth
RND3_2,3,9,simulated_annealing,,0.0,True,True,2,0.0,2.0,2.0,0.0,,,,,0.906,"reads=80,sweeps=1500"
RND3_2,3,9,qaoa_numpy,1.0,0.0,False,False,0,,16.0,2.0,14.0,17.6816,8.8408,0.000182,0.000195,0.021,restarts=16
RND3_2,3,9,qaoa_numpy,2.0,0.0,False,False,0,,8.0,2.0,6.0,12.4596,6.2298,0.015008,0.02051,0.068,restarts=16
RND3_2,3,9,qaoa_numpy,3.0,0.0,False,False,1,,9.0,2.0,7.0,17.9442,8.9721,0.001486,0.016912,0.152,restarts=16
RND3_2,3,9,qaoa_numpy,4.0,0.0,False,False,1,,9.0,2.0,7.0,13.52,6.76,1.2e-05,0.004289,0.27,restarts=16
RND3_2,3,9,qaoa_qiskit,1.0,0.0,True,True,2,0.0,2.0,2.0,0.0,17.7178,8.8589,0.000189,0.000204,0.226,"noiseless,shots=8192"
RND3_2,3,9,qaoa_qiskit,2.0,0.0,True,True,2,0.0,2.0,2.0,0.0,42.2503,21.1251,0.006992,0.007592,0.326,"noiseless,shots=8192"
RND3_2,3,9,qaoa_qiskit,3.0,0.0,True,True,2,0.0,2.0,2.0,0.0,15.1711,7.5855,0.012389,0.062922,0.415,"noiseless,shots=8192"
RND3_2,3,9,qaoa_qiskit,4.0,0.0,True,True,2,0.0,2.0,2.0,0.0,42.3537,21.1768,0.000747,0.001206,0.513,"noiseless,shots=8192"
RND3_2,3,9,qaoa_qiskit_noisy,1.0,0.0,True,True,2,0.0,2.0,2.0,0.0,17.7499,8.8749,0.000244,0.000244,0.224,"noisy,shots=8192"
RND3_2,3,9,qaoa_qiskit_noisy,2.0,0.0,True,True,2,0.0,2.0,2.0,0.0,41.9664,20.9832,0.008057,0.008545,0.341,"noisy,shots=8192"
RND3_2,3,9,qaoa_qiskit_noisy,3.0,0.0,True,True,2,0.0,2.0,2.0,0.0,15.1326,7.5663,0.013672,0.064331,0.398,"noisy,shots=8192"
RND3_2,3,9,qaoa_qiskit_noisy,4.0,0.0,True,True,2,0.0,2.0,2.0,0.0,42.4497,21.2249,0.00061,0.001099,0.497,"noisy,shots=8192"
RND3_2,3,9,simulated_annealing,,1.0,True,True,2,0.0,2.0,2.0,0.0,,,,,0.954,"reads=80,sweeps=1500"
RND3_2,3,9,qaoa_numpy,1.0,1.0,False,False,0,,16.0,2.0,14.0,15.7687,7.8843,2.2e-05,2.2e-05,0.022,restarts=16
RND3_2,3,9,qaoa_numpy,2.0,1.0,False,False,0,,16.0,2.0,14.0,22.8681,11.434,0.000691,0.001428,0.082,restarts=16
RND3_2,3,9,qaoa_numpy,3.0,1.0,False,False,2,,20.0,2.0,18.0,28.8677,14.4338,0.006772,0.030547,0.169,restarts=16
RND3_2,3,9,qaoa_numpy,4.0,1.0,False,False,0,,8.0,2.0,6.0,12.8577,6.4288,0.017365,0.017951,0.275,restarts=16
RND3_2,3,9,qaoa_qiskit,1.0,1.0,True,True,2,0.0,2.0,2.0,0.0,45.3482,22.6741,0.000233,0.005197,0.21,"noiseless,shots=8192"
RND3_2,3,9,qaoa_qiskit,2.0,1.0,True,True,2,0.0,2.0,2.0,0.0,25.2642,12.6321,0.001858,0.002137,0.288,"noiseless,shots=8192"
RND3_2,3,9,qaoa_qiskit,3.0,1.0,True,True,2,0.0,2.0,2.0,0.0,28.6437,14.3219,7e-06,0.000251,0.383,"noiseless,shots=8192"
RND3_2,3,9,qaoa_qiskit,4.0,1.0,True,True,2,0.0,2.0,2.0,0.0,30.4433,15.2217,0.001369,0.00138,0.504,"noiseless,shots=8192"
RND3_2,3,9,qaoa_qiskit_noisy,1.0,1.0,True,True,2,0.0,2.0,2.0,0.0,45.3103,22.6552,0.000244,0.005127,0.223,"noisy,shots=8192"
RND3_2,3,9,qaoa_qiskit_noisy,2.0,1.0,True,True,2,0.0,2.0,2.0,0.0,25.0474,12.5237,0.001953,0.002319,0.31,"noisy,shots=8192"
RND3_2,3,9,qaoa_qiskit_noisy,3.0,1.0,True,False,3,1.0,3.0,2.0,1.0,28.4484,14.2242,0.0,0.000244,0.413,"noisy,shots=8192"
RND3_2,3,9,qaoa_qiskit_noisy,4.0,1.0,True,True,2,0.0,2.0,2.0,0.0,30.0203,15.0101,0.000488,0.000488,0.499,"noisy,shots=8192"
RND3_2,3,9,simulated_annealing,,2.0,True,True,2,0.0,2.0,2.0,0.0,,,,,0.908,"reads=80,sweeps=1500"
RND3_2,3,9,qaoa_numpy,1.0,2.0,False,False,0,,25.0,2.0,23.0,34.0236,17.0118,0.00235,0.003155,0.024,restarts=16
RND3_2,3,9,qaoa_numpy,2.0,2.0,False,False,0,,16.0,2.0,14.0,26.0898,13.0449,0.001242,0.001579,0.079,restarts=16
RND3_2,3,9,qaoa_numpy,3.0,2.0,True,False,3,1.0,3.0,2.0,1.0,14.563,7.2815,0.023864,0.050128,0.164,restarts=16
RND3_2,3,9,qaoa_numpy,4.0,2.0,True,False,3,1.0,3.0,2.0,1.0,19.0756,9.5378,0.019743,0.06332,0.283,restarts=16
RND3_2,3,9,qaoa_qiskit,1.0,2.0,True,True,2,0.0,2.0,2.0,0.0,44.5994,22.2997,0.000489,0.000924,0.231,"noiseless,shots=8192"
RND3_2,3,9,qaoa_qiskit,2.0,2.0,True,True,2,0.0,2.0,2.0,0.0,14.3194,7.1597,0.003061,0.003269,0.334,"noiseless,shots=8192"
RND3_2,3,9,qaoa_qiskit,3.0,2.0,True,True,2,0.0,2.0,2.0,0.0,19.9822,9.9911,1.6e-05,1.9e-05,0.415,"noiseless,shots=8192"
RND3_2,3,9,qaoa_qiskit,4.0,2.0,True,True,2,0.0,2.0,2.0,0.0,42.5773,21.2887,0.004746,0.005199,0.472,"noiseless,shots=8192"
RND3_2,3,9,qaoa_qiskit_noisy,1.0,2.0,True,True,2,0.0,2.0,2.0,0.0,44.4358,22.2179,0.000488,0.000854,0.22,"noisy,shots=8192"
RND3_2,3,9,qaoa_qiskit_noisy,2.0,2.0,True,True,2,0.0,2.0,2.0,0.0,14.2565,7.1282,0.003662,0.00415,0.323,"noisy,shots=8192"
RND3_2,3,9,qaoa_qiskit_noisy,3.0,2.0,False,False,0,,8.0,2.0,6.0,19.8459,9.923,0.0,0.0,0.419,"noisy,shots=8192"
RND3_2,3,9,qaoa_qiskit_noisy,4.0,2.0,True,True,2,0.0,2.0,2.0,0.0,42.381,21.1905,0.005249,0.005981,0.516,"noisy,shots=8192"
RND3_2,3,9,simulated_annealing,,3.0,True,True,2,0.0,2.0,2.0,0.0,,,,,0.915,"reads=80,sweeps=1500"
RND3_2,3,9,qaoa_numpy,1.0,3.0,True,False,3,1.0,3.0,2.0,1.0,20.8157,10.4078,0.014915,0.045564,0.022,restarts=16
RND3_2,3,9,qaoa_numpy,2.0,3.0,False,False,0,,16.0,2.0,14.0,15.1233,7.5617,3.1e-05,3.1e-05,0.083,restarts=16
RND3_2,3,9,qaoa_numpy,3.0,3.0,False,False,2,,20.0,2.0,18.0,31.407,15.7035,0.003439,0.024159,0.167,restarts=16
RND3_2,3,9,qaoa_numpy,4.0,3.0,False,False,0,,16.0,2.0,14.0,15.4226,7.7113,4.2e-05,4.6e-05,0.284,restarts=16
RND3_2,3,9,qaoa_qiskit,1.0,3.0,True,True,2,0.0,2.0,2.0,0.0,48.5081,24.2541,0.001412,0.002677,0.139,"noiseless,shots=8192"
RND3_2,3,9,qaoa_qiskit,2.0,3.0,True,True,2,0.0,2.0,2.0,0.0,17.1337,8.5669,0.003874,0.004159,0.329,"noiseless,shots=8192"
RND3_2,3,9,qaoa_qiskit,3.0,3.0,True,True,2,0.0,2.0,2.0,0.0,41.7837,20.8919,6.7e-05,0.000709,0.418,"noiseless,shots=8192"
RND3_2,3,9,qaoa_qiskit,4.0,3.0,True,True,2,0.0,2.0,2.0,0.0,41.3201,20.6601,0.000199,0.003499,0.459,"noiseless,shots=8192"
RND3_2,3,9,qaoa_qiskit_noisy,1.0,3.0,True,True,2,0.0,2.0,2.0,0.0,48.8114,24.4057,0.001465,0.003174,0.129,"noisy,shots=8192"
RND3_2,3,9,qaoa_qiskit_noisy,2.0,3.0,True,True,2,0.0,2.0,2.0,0.0,17.0392,8.5196,0.004883,0.005249,0.311,"noisy,shots=8192"
RND3_2,3,9,qaoa_qiskit_noisy,3.0,3.0,True,False,3,1.0,3.0,2.0,1.0,41.8834,20.9417,0.0,0.000488,0.418,"noisy,shots=8192"
RND3_2,3,9,qaoa_qiskit_noisy,4.0,3.0,True,True,2,0.0,2.0,2.0,0.0,41.3743,20.6871,0.000122,0.003052,0.522,"noisy,shots=8192"
RND3_2,3,9,simulated_annealing,,4.0,True,True,2,0.0,2.0,2.0,0.0,,,,,0.904,"reads=80,sweeps=1500"
RND3_2,3,9,qaoa_numpy,1.0,4.0,False,False,1,,17.0,2.0,15.0,16.0448,8.0224,0.014731,0.029599,0.021,restarts=16
RND3_2,3,9,qaoa_numpy,2.0,4.0,False,False,0,,16.0,2.0,14.0,14.9032,7.4516,0.012292,0.019096,0.071,restarts=16
RND3_2,3,9,qaoa_numpy,3.0,4.0,False,False,0,,16.0,2.0,14.0,18.3773,9.1887,4e-06,4e-06,0.149,restarts=16
RND3_2,3,9,qaoa_numpy,4.0,4.0,False,False,0,,16.0,2.0,14.0,14.083,7.0415,0.019337,0.030194,0.277,restarts=16
RND3_2,3,9,qaoa_qiskit,1.0,4.0,True,True,2,0.0,2.0,2.0,0.0,44.232,22.116,0.0025,0.002762,0.233,"noiseless,shots=8192"
RND3_2,3,9,qaoa_qiskit,2.0,4.0,True,True,2,0.0,2.0,2.0,0.0,42.2213,21.1107,0.002397,0.00302,0.315,"noiseless,shots=8192"
RND3_2,3,9,qaoa_qiskit,3.0,4.0,True,True,2,0.0,2.0,2.0,0.0,37.3957,18.6979,0.002878,0.005097,0.421,"noiseless,shots=8192"
RND3_2,3,9,qaoa_qiskit,4.0,4.0,True,True,2,0.0,2.0,2.0,0.0,28.3074,14.1537,6.9e-05,0.000164,0.51,"noiseless,shots=8192"
RND3_2,3,9,qaoa_qiskit_noisy,1.0,4.0,True,True,2,0.0,2.0,2.0,0.0,44.0419,22.0209,0.001709,0.002197,0.207,"noisy,shots=8192"
RND3_2,3,9,qaoa_qiskit_noisy,2.0,4.0,True,True,2,0.0,2.0,2.0,0.0,42.1263,21.0632,0.003296,0.00354,0.308,"noisy,shots=8192"
RND3_2,3,9,qaoa_qiskit_noisy,3.0,4.0,True,True,2,0.0,2.0,2.0,0.0,37.7437,18.8718,0.002563,0.006104,0.41,"noisy,shots=8192"
RND3_2,3,9,qaoa_qiskit_noisy,4.0,4.0,True,True,2,0.0,2.0,2.0,0.0,28.1552,14.0776,0.000122,0.000244,0.515,"noisy,shots=8192"
CP_4,4,12,brute_force,,,True,True,3,0.0,3.0,3.0,0.0,,,,,0.006,ground truth
CP_4,4,12,simulated_annealing,,0.0,True,True,3,0.0,3.0,3.0,0.0,,,,,1.164,"reads=80,sweeps=1500"
CP_4,4,12,qaoa_numpy,1.0,0.0,True,False,4,1.0,4.0,3.0,1.0,42.0292,14.0097,0.063287,0.116847,0.099,restarts=16
CP_4,4,12,qaoa_numpy,2.0,0.0,False,False,0,,40.0,3.0,37.0,77.7904,25.9301,0.004905,0.013328,0.27,restarts=16
CP_4,4,12,qaoa_numpy,3.0,0.0,True,True,3,0.0,3.0,3.0,0.0,21.5344,7.1781,0.163982,0.202343,0.585,restarts=16
CP_4,4,12,qaoa_numpy,4.0,0.0,True,False,4,1.0,4.0,3.0,1.0,25.1593,8.3864,0.028327,0.071473,1.011,restarts=16
CP_4,4,12,qaoa_qiskit,1.0,0.0,True,True,3,0.0,3.0,3.0,0.0,32.9365,10.9788,1e-06,1e-06,0.44,"noiseless,shots=8192"
CP_4,4,12,qaoa_qiskit,2.0,0.0,True,True,3,0.0,3.0,3.0,0.0,33.7464,11.2488,0.012363,0.030101,0.701,"noiseless,shots=8192"
CP_4,4,12,qaoa_qiskit,3.0,0.0,True,True,3,0.0,3.0,3.0,0.0,27.8902,9.2967,0.017723,0.025336,0.924,"noiseless,shots=8192"
CP_4,4,12,qaoa_qiskit,4.0,0.0,True,True,3,0.0,3.0,3.0,0.0,26.4687,8.8229,0.068497,0.071496,1.124,"noiseless,shots=8192"
CP_4,4,12,qaoa_qiskit_noisy,1.0,0.0,False,False,2,,12.0,3.0,9.0,32.9897,10.9966,0.0,0.0,0.45,"noisy,shots=8192"
CP_4,4,12,qaoa_qiskit_noisy,2.0,0.0,True,True,3,0.0,3.0,3.0,0.0,33.769,11.2563,0.015015,0.030762,0.682,"noisy,shots=8192"
CP_4,4,12,qaoa_qiskit_noisy,3.0,0.0,True,True,3,0.0,3.0,3.0,0.0,27.7451,9.2484,0.016602,0.024536,0.894,"noisy,shots=8192"
CP_4,4,12,qaoa_qiskit_noisy,4.0,0.0,True,True,3,0.0,3.0,3.0,0.0,26.3851,8.795,0.068359,0.070801,1.156,"noisy,shots=8192"
CP_4,4,12,simulated_annealing,,1.0,False,False,2,,12.0,3.0,9.0,,,,,1.146,"reads=80,sweeps=1500"
CP_4,4,12,qaoa_numpy,1.0,1.0,False,False,0,,40.0,3.0,37.0,33.6014,11.2005,0.009042,0.022393,0.087,restarts=16
CP_4,4,12,qaoa_numpy,2.0,1.0,True,False,4,1.0,4.0,3.0,1.0,39.8336,13.2779,0.068263,0.090019,0.264,restarts=16
CP_4,4,12,qaoa_numpy,3.0,1.0,True,False,4,1.0,4.0,3.0,1.0,28.1039,9.368,0.055518,0.106406,0.581,restarts=16
CP_4,4,12,qaoa_numpy,4.0,1.0,False,False,1,,21.0,3.0,18.0,22.6735,7.5578,0.042274,0.044908,1.0,restarts=16
CP_4,4,12,qaoa_qiskit,1.0,1.0,True,True,3,0.0,3.0,3.0,0.0,38.4964,12.8321,0.000752,0.000784,0.461,"noiseless,shots=8192"
CP_4,4,12,qaoa_qiskit,2.0,1.0,True,True,3,0.0,3.0,3.0,0.0,57.119,19.0397,0.003368,0.010697,0.713,"noiseless,shots=8192"
CP_4,4,12,qaoa_qiskit,3.0,1.0,True,True,3,0.0,3.0,3.0,0.0,68.6818,22.8939,0.017269,0.025958,0.967,"noiseless,shots=8192"
CP_4,4,12,qaoa_qiskit,4.0,1.0,True,True,3,0.0,3.0,3.0,0.0,48.8497,16.2832,0.040831,0.053423,1.112,"noiseless,shots=8192"
CP_4,4,12,qaoa_qiskit_noisy,1.0,1.0,True,True,3,0.0,3.0,3.0,0.0,38.3499,12.7833,0.00061,0.00061,0.454,"noisy,shots=8192"
CP_4,4,12,qaoa_qiskit_noisy,2.0,1.0,True,True,3,0.0,3.0,3.0,0.0,57.4753,19.1584,0.004028,0.011963,0.7,"noisy,shots=8192"
CP_4,4,12,qaoa_qiskit_noisy,3.0,1.0,True,True,3,0.0,3.0,3.0,0.0,69.036,23.012,0.017944,0.026855,0.895,"noisy,shots=8192"
CP_4,4,12,qaoa_qiskit_noisy,4.0,1.0,True,True,3,0.0,3.0,3.0,0.0,49.0781,16.3594,0.041626,0.055298,1.171,"noisy,shots=8192"
CP_4,4,12,simulated_annealing,,2.0,True,True,3,0.0,3.0,3.0,0.0,,,,,1.153,"reads=80,sweeps=1500"
CP_4,4,12,qaoa_numpy,1.0,2.0,False,False,0,,40.0,3.0,37.0,31.3105,10.4368,0.000217,0.000221,0.082,restarts=16
CP_4,4,12,qaoa_numpy,2.0,2.0,True,False,4,1.0,4.0,3.0,1.0,35.7724,11.9241,0.052715,0.089848,0.282,restarts=16
CP_4,4,12,qaoa_numpy,3.0,2.0,False,False,1,,21.0,3.0,18.0,23.2353,7.7451,0.040118,0.042772,0.574,restarts=16
CP_4,4,12,qaoa_numpy,4.0,2.0,False,False,0,,40.0,3.0,37.0,29.5505,9.8502,0.014198,0.023141,0.997,restarts=16
CP_4,4,12,qaoa_qiskit,1.0,2.0,True,True,3,0.0,3.0,3.0,0.0,64.9792,21.6597,0.002692,0.00319,0.453,"noiseless,shots=8192"
CP_4,4,12,qaoa_qiskit,2.0,2.0,True,True,3,0.0,3.0,3.0,0.0,34.0085,11.3362,0.008199,0.018967,0.719,"noiseless,shots=8192"
CP_4,4,12,qaoa_qiskit,3.0,2.0,True,True,3,0.0,3.0,3.0,0.0,47.8664,15.9555,0.002723,0.00336,0.95,"noiseless,shots=8192"
CP_4,4,12,qaoa_qiskit,4.0,2.0,True,True,3,0.0,3.0,3.0,0.0,44.5487,14.8496,0.00017,0.005311,1.135,"noiseless,shots=8192"
CP_4,4,12,qaoa_qiskit_noisy,1.0,2.0,True,True,3,0.0,3.0,3.0,0.0,64.5538,21.5179,0.002563,0.003052,0.46,"noisy,shots=8192"
CP_4,4,12,qaoa_qiskit_noisy,2.0,2.0,True,True,3,0.0,3.0,3.0,0.0,34.0817,11.3606,0.007568,0.016235,0.678,"noisy,shots=8192"
CP_4,4,12,qaoa_qiskit_noisy,3.0,2.0,True,True,3,0.0,3.0,3.0,0.0,47.7623,15.9208,0.002197,0.003418,0.885,"noisy,shots=8192"
CP_4,4,12,qaoa_qiskit_noisy,4.0,2.0,True,True,3,0.0,3.0,3.0,0.0,44.489,14.8297,0.000122,0.005371,1.148,"noisy,shots=8192"
CP_4,4,12,simulated_annealing,,3.0,True,True,3,0.0,3.0,3.0,0.0,,,,,1.17,"reads=80,sweeps=1500"
CP_4,4,12,qaoa_numpy,1.0,3.0,False,False,0,,40.0,3.0,37.0,34.1013,11.3671,0.000516,0.000557,0.084,restarts=16
CP_4,4,12,qaoa_numpy,2.0,3.0,False,False,0,,30.0,3.0,27.0,24.5631,8.1877,0.035327,0.042969,0.259,restarts=16
CP_4,4,12,qaoa_numpy,3.0,3.0,False,False,0,,60.0,3.0,57.0,31.7558,10.5853,0.05502,0.082893,0.593,restarts=16
CP_4,4,12,qaoa_numpy,4.0,3.0,True,True,3,0.0,3.0,3.0,0.0,21.009,7.003,0.073888,0.085328,0.988,restarts=16
CP_4,4,12,qaoa_qiskit,1.0,3.0,True,True,3,0.0,3.0,3.0,0.0,31.7892,10.5964,0.052562,0.078385,0.448,"noiseless,shots=8192"
CP_4,4,12,qaoa_qiskit,2.0,3.0,True,True,3,0.0,3.0,3.0,0.0,45.895,15.2983,0.00231,0.004434,0.674,"noiseless,shots=8192"
CP_4,4,12,qaoa_qiskit,3.0,3.0,True,True,3,0.0,3.0,3.0,0.0,53.9048,17.9683,0.078059,0.084522,0.96,"noiseless,shots=8192"
CP_4,4,12,qaoa_qiskit,4.0,3.0,True,True,3,0.0,3.0,3.0,0.0,52.8083,17.6028,0.003004,0.003479,1.148,"noiseless,shots=8192"
CP_4,4,12,qaoa_qiskit_noisy,1.0,3.0,True,True,3,0.0,3.0,3.0,0.0,31.9231,10.641,0.051025,0.079224,0.463,"noisy,shots=8192"
CP_4,4,12,qaoa_qiskit_noisy,2.0,3.0,True,True,3,0.0,3.0,3.0,0.0,45.6602,15.2201,0.002686,0.005127,0.7,"noisy,shots=8192"
CP_4,4,12,qaoa_qiskit_noisy,3.0,3.0,True,True,3,0.0,3.0,3.0,0.0,55.1162,18.3721,0.071777,0.077637,0.896,"noisy,shots=8192"
CP_4,4,12,qaoa_qiskit_noisy,4.0,3.0,True,True,3,0.0,3.0,3.0,0.0,52.866,17.622,0.002441,0.002686,1.173,"noisy,shots=8192"
CP_4,4,12,simulated_annealing,,4.0,False,False,2,,12.0,3.0,9.0,,,,,1.141,"reads=80,sweeps=1500"
CP_4,4,12,qaoa_numpy,1.0,4.0,False,False,0,,40.0,3.0,37.0,31.3105,10.4368,0.000217,0.000221,0.081,restarts=16
CP_4,4,12,qaoa_numpy,2.0,4.0,True,False,4,1.0,4.0,3.0,1.0,29.2901,9.7634,0.009697,0.052435,0.275,restarts=16
CP_4,4,12,qaoa_numpy,3.0,4.0,False,False,0,,40.0,3.0,37.0,24.8196,8.2732,0.031137,0.039823,0.564,restarts=16
CP_4,4,12,qaoa_numpy,4.0,4.0,True,True,3,0.0,3.0,3.0,0.0,26.9189,8.973,0.072147,0.089422,0.987,restarts=16
CP_4,4,12,qaoa_qiskit,1.0,4.0,True,True,3,0.0,3.0,3.0,0.0,27.5039,9.168,0.004561,0.004908,0.388,"noiseless,shots=8192"
CP_4,4,12,qaoa_qiskit,2.0,4.0,True,True,3,0.0,3.0,3.0,0.0,37.7307,12.5769,0.018386,0.034445,0.583,"noiseless,shots=8192"
CP_4,4,12,qaoa_qiskit,3.0,4.0,True,True,3,0.0,3.0,3.0,0.0,65.7211,21.907,0.025872,0.035116,0.962,"noiseless,shots=8192"
CP_4,4,12,qaoa_qiskit,4.0,4.0,True,True,3,0.0,3.0,3.0,0.0,77.9408,25.9803,0.003403,0.013836,1.153,"noiseless,shots=8192"
CP_4,4,12,qaoa_qiskit_noisy,1.0,4.0,True,True,3,0.0,3.0,3.0,0.0,27.5459,9.182,0.005249,0.005615,0.392,"noisy,shots=8192"
CP_4,4,12,qaoa_qiskit_noisy,2.0,4.0,True,True,3,0.0,3.0,3.0,0.0,37.5792,12.5264,0.018921,0.033203,0.565,"noisy,shots=8192"
CP_4,4,12,qaoa_qiskit_noisy,3.0,4.0,True,True,3,0.0,3.0,3.0,0.0,65.7612,21.9204,0.023315,0.032471,0.891,"noisy,shots=8192"
CP_4,4,12,qaoa_qiskit_noisy,4.0,4.0,True,True,3,0.0,3.0,3.0,0.0,78.3094,26.1031,0.003296,0.01355,1.169,"noisy,shots=8192"
RND4_1,4,12,brute_force,,,True,True,2,0.0,2.0,2.0,0.0,,,,,0.006,ground truth
RND4_1,4,12,simulated_annealing,,0.0,True,False,3,1.0,3.0,2.0,1.0,,,,,1.147,"reads=80,sweeps=1500"
RND4_1,4,12,qaoa_numpy,1.0,0.0,False,False,3,,15.0,2.0,13.0,38.6737,19.3368,0.003853,0.037111,0.104,restarts=16
RND4_1,4,12,qaoa_numpy,2.0,0.0,False,False,0,,30.0,2.0,28.0,32.9044,16.4522,0.000666,0.000811,0.288,restarts=16
RND4_1,4,12,qaoa_numpy,3.0,0.0,True,False,4,2.0,4.0,2.0,2.0,20.1489,10.0744,0.032797,0.16096,0.575,restarts=16
RND4_1,4,12,qaoa_numpy,4.0,0.0,False,False,0,,20.0,2.0,18.0,23.2551,11.6275,0.013986,0.029238,0.951,restarts=16
RND4_1,4,12,qaoa_qiskit,1.0,0.0,True,True,2,0.0,2.0,2.0,0.0,27.822,13.911,7.6e-05,8e-05,0.437,"noiseless,shots=8192"
RND4_1,4,12,qaoa_qiskit,2.0,0.0,True,True,2,0.0,2.0,2.0,0.0,29.8409,14.9205,0.001159,0.001374,0.655,"noiseless,shots=8192"
RND4_1,4,12,qaoa_qiskit,3.0,0.0,True,True,2,0.0,2.0,2.0,0.0,31.2764,15.6382,0.011583,0.084945,0.839,"noiseless,shots=8192"
RND4_1,4,12,qaoa_qiskit,4.0,0.0,True,True,2,0.0,2.0,2.0,0.0,47.1974,23.5987,0.004834,0.009512,1.037,"noiseless,shots=8192"
RND4_1,4,12,qaoa_qiskit_noisy,1.0,0.0,False,False,1,,11.0,2.0,9.0,27.7959,13.8979,0.0,0.0,0.403,"noisy,shots=8192"
RND4_1,4,12,qaoa_qiskit_noisy,2.0,0.0,True,True,2,0.0,2.0,2.0,0.0,29.7092,14.8546,0.001099,0.001465,0.603,"noisy,shots=8192"
RND4_1,4,12,qaoa_qiskit_noisy,3.0,0.0,True,True,2,0.0,2.0,2.0,0.0,31.1952,15.5976,0.011963,0.083984,0.785,"noisy,shots=8192"
RND4_1,4,12,qaoa_qiskit_noisy,4.0,0.0,True,True,2,0.0,2.0,2.0,0.0,47.5977,23.7988,0.004883,0.010254,1.045,"noisy,shots=8192"
RND4_1,4,12,simulated_annealing,,1.0,True,True,2,0.0,2.0,2.0,0.0,,,,,1.154,"reads=80,sweeps=1500"
RND4_1,4,12,qaoa_numpy,1.0,1.0,False,False,0,,30.0,2.0,28.0,43.5861,21.7931,0.001375,0.002172,0.094,restarts=16
RND4_1,4,12,qaoa_numpy,2.0,1.0,False,False,0,,30.0,2.0,28.0,35.5524,17.7762,0.004388,0.005623,0.283,restarts=16
RND4_1,4,12,qaoa_numpy,3.0,1.0,False,False,0,,20.0,2.0,18.0,21.5428,10.7714,0.022453,0.040742,0.571,restarts=16
RND4_1,4,12,qaoa_numpy,4.0,1.0,False,False,0,,20.0,2.0,18.0,18.728,9.364,0.022281,0.042076,0.973,restarts=16
RND4_1,4,12,qaoa_qiskit,1.0,1.0,True,True,2,0.0,2.0,2.0,0.0,50.5377,25.2688,0.002444,0.005436,0.411,"noiseless,shots=8192"
RND4_1,4,12,qaoa_qiskit,2.0,1.0,True,True,2,0.0,2.0,2.0,0.0,41.602,20.801,0.000466,0.000958,0.645,"noiseless,shots=8192"
RND4_1,4,12,qaoa_qiskit,3.0,1.0,True,True,2,0.0,2.0,2.0,0.0,31.0173,15.5087,0.020606,0.045594,0.853,"noiseless,shots=8192"
RND4_1,4,12,qaoa_qiskit,4.0,1.0,True,True,2,0.0,2.0,2.0,0.0,30.579,15.2895,0.139417,0.158724,1.012,"noiseless,shots=8192"
RND4_1,4,12,qaoa_qiskit_noisy,1.0,1.0,True,True,2,0.0,2.0,2.0,0.0,49.4326,24.7163,0.001953,0.005615,0.438,"noisy,shots=8192"
RND4_1,4,12,qaoa_qiskit_noisy,2.0,1.0,True,True,2,0.0,2.0,2.0,0.0,41.8831,20.9415,0.000488,0.000732,0.614,"noisy,shots=8192"
RND4_1,4,12,qaoa_qiskit_noisy,3.0,1.0,True,True,2,0.0,2.0,2.0,0.0,30.6813,15.3406,0.021606,0.048584,0.82,"noisy,shots=8192"
RND4_1,4,12,qaoa_qiskit_noisy,4.0,1.0,True,True,2,0.0,2.0,2.0,0.0,30.1431,15.0715,0.141724,0.163818,1.025,"noisy,shots=8192"
RND4_1,4,12,simulated_annealing,,2.0,True,False,3,1.0,3.0,2.0,1.0,,,,,1.187,"reads=80,sweeps=1500"
RND4_1,4,12,qaoa_numpy,1.0,2.0,False,False,0,,40.0,2.0,38.0,26.7875,13.3937,0.001541,0.00198,0.078,restarts=16
RND4_1,4,12,qaoa_numpy,2.0,2.0,False,False,1,,21.0,2.0,19.0,26.3449,13.1724,0.011935,0.042951,0.267,restarts=16
RND4_1,4,12,qaoa_numpy,3.0,2.0,False,False,0,,20.0,2.0,18.0,18.1824,9.0912,0.047695,0.077215,0.563,restarts=16
RND4_1,4,12,qaoa_numpy,4.0,2.0,True,False,4,2.0,4.0,2.0,2.0,20.277,10.1385,0.015656,0.112835,1.005,restarts=16
RND4_1,4,12,qaoa_qiskit,1.0,2.0,True,True,2,0.0,2.0,2.0,0.0,62.3827,31.1913,0.003818,0.01031,0.272,"noiseless,shots=8192"
RND4_1,4,12,qaoa_qiskit,2.0,2.0,True,True,2,0.0,2.0,2.0,0.0,29.2277,14.6138,0.009828,0.024592,0.599,"noiseless,shots=8192"
RND4_1,4,12,qaoa_qiskit,3.0,2.0,True,True,2,0.0,2.0,2.0,0.0,30.3215,15.1608,0.000122,0.04342,0.858,"noiseless,shots=8192"
RND4_1,4,12,qaoa_qiskit,4.0,2.0,True,True,2,0.0,2.0,2.0,0.0,34.4888,17.2444,0.021532,0.083988,1.037,"noiseless,shots=8192"
RND4_1,4,12,qaoa_qiskit_noisy,1.0,2.0,True,True,2,0.0,2.0,2.0,0.0,62.6027,31.3013,0.004272,0.009766,0.249,"noisy,shots=8192"
RND4_1,4,12,qaoa_qiskit_noisy,2.0,2.0,True,True,2,0.0,2.0,2.0,0.0,29.3689,14.6844,0.010254,0.021362,0.618,"noisy,shots=8192"
RND4_1,4,12,qaoa_qiskit_noisy,3.0,2.0,True,True,2,0.0,2.0,2.0,0.0,30.5862,15.2931,0.000366,0.039673,0.823,"noisy,shots=8192"
RND4_1,4,12,qaoa_qiskit_noisy,4.0,2.0,True,True,2,0.0,2.0,2.0,0.0,34.2213,17.1107,0.020996,0.085327,0.986,"noisy,shots=8192"
RND4_1,4,12,simulated_annealing,,3.0,True,True,2,0.0,2.0,2.0,0.0,,,,,1.24,"reads=80,sweeps=1500"
RND4_1,4,12,qaoa_numpy,1.0,3.0,False,False,0,,30.0,2.0,28.0,27.512,13.756,9.2e-05,9.2e-05,0.079,restarts=16
RND4_1,4,12,qaoa_numpy,2.0,3.0,False,False,0,,30.0,2.0,28.0,26.6841,13.3421,0.003736,0.005989,0.259,restarts=16
RND4_1,4,12,qaoa_numpy,3.0,3.0,False,False,0,,20.0,2.0,18.0,25.1053,12.5527,0.00324,0.003521,0.522,restarts=16
RND4_1,4,12,qaoa_numpy,4.0,3.0,True,True,2,0.0,2.0,2.0,0.0,13.7629,6.8815,0.078307,0.190665,0.981,restarts=16
RND4_1,4,12,qaoa_qiskit,1.0,3.0,True,True,2,0.0,2.0,2.0,0.0,29.5297,14.7649,0.00849,0.057122,0.443,"noiseless,shots=8192"
RND4_1,4,12,qaoa_qiskit,2.0,3.0,True,True,2,0.0,2.0,2.0,0.0,54.744,27.372,0.004332,0.009253,0.624,"noiseless,shots=8192"
RND4_1,4,12,qaoa_qiskit,3.0,3.0,True,True,2,0.0,2.0,2.0,0.0,33.1065,16.5533,0.006187,0.049203,0.843,"noiseless,shots=8192"
RND4_1,4,12,qaoa_qiskit,4.0,3.0,True,True,2,0.0,2.0,2.0,0.0,58.8879,29.444,0.006394,0.008479,1.064,"noiseless,shots=8192"
RND4_1,4,12,qaoa_qiskit_noisy,1.0,3.0,True,True,2,0.0,2.0,2.0,0.0,29.3123,14.6561,0.008789,0.056274,0.4,"noisy,shots=8192"
RND4_1,4,12,qaoa_qiskit_noisy,2.0,3.0,True,True,2,0.0,2.0,2.0,0.0,54.7679,27.384,0.003662,0.008301,0.589,"noisy,shots=8192"
RND4_1,4,12,qaoa_qiskit_noisy,3.0,3.0,True,True,2,0.0,2.0,2.0,0.0,33.0284,16.5142,0.005493,0.050537,0.839,"noisy,shots=8192"
RND4_1,4,12,qaoa_qiskit_noisy,4.0,3.0,True,True,2,0.0,2.0,2.0,0.0,59.297,29.6485,0.005981,0.007568,0.998,"noisy,shots=8192"
RND4_1,4,12,simulated_annealing,,4.0,True,True,2,0.0,2.0,2.0,0.0,,,,,1.207,"reads=80,sweeps=1500"
RND4_1,4,12,qaoa_numpy,1.0,4.0,False,False,0,,40.0,2.0,38.0,26.7879,13.394,0.001523,0.001952,0.086,restarts=16
RND4_1,4,12,qaoa_numpy,2.0,4.0,False,False,0,,42.0,2.0,40.0,42.3649,21.1825,0.003794,0.013106,0.289,restarts=16
RND4_1,4,12,qaoa_numpy,3.0,4.0,False,False,1,,21.0,2.0,19.0,21.5166,10.7583,0.015502,0.042155,0.556,restarts=16
RND4_1,4,12,qaoa_numpy,4.0,4.0,False,False,0,,20.0,2.0,18.0,21.7519,10.876,0.020549,0.055432,0.942,restarts=16
RND4_1,4,12,qaoa_qiskit,1.0,4.0,True,True,2,0.0,2.0,2.0,0.0,23.9625,11.9812,0.008319,0.017171,0.415,"noiseless,shots=8192"
RND4_1,4,12,qaoa_qiskit,2.0,4.0,True,True,2,0.0,2.0,2.0,0.0,34.9612,17.4806,0.001319,0.002093,0.651,"noiseless,shots=8192"
RND4_1,4,12,qaoa_qiskit,3.0,4.0,True,True,2,0.0,2.0,2.0,0.0,36.0852,18.0426,0.001939,0.002345,0.803,"noiseless,shots=8192"
RND4_1,4,12,qaoa_qiskit,4.0,4.0,True,True,2,0.0,2.0,2.0,0.0,30.1394,15.0697,0.005623,0.018987,1.065,"noiseless,shots=8192"
RND4_1,4,12,qaoa_qiskit_noisy,1.0,4.0,True,True,2,0.0,2.0,2.0,0.0,24.1134,12.0567,0.008301,0.016235,0.385,"noisy,shots=8192"
RND4_1,4,12,qaoa_qiskit_noisy,2.0,4.0,True,True,2,0.0,2.0,2.0,0.0,34.7417,17.3708,0.001465,0.002441,0.581,"noisy,shots=8192"
RND4_1,4,12,qaoa_qiskit_noisy,3.0,4.0,True,True,2,0.0,2.0,2.0,0.0,35.9558,17.9779,0.001953,0.002319,0.816,"noisy,shots=8192"
RND4_1,4,12,qaoa_qiskit_noisy,4.0,4.0,True,True,2,0.0,2.0,2.0,0.0,30.2489,15.1245,0.006714,0.019287,1.028,"noisy,shots=8192"
RND4_2,4,12,brute_force,,,True,True,1,0.0,1.0,1.0,0.0,,,,,0.006,ground truth
RND4_2,4,12,simulated_annealing,,0.0,True,False,2,1.0,2.0,1.0,1.0,,,,,1.167,"reads=80,sweeps=1500"
RND4_2,4,12,qaoa_numpy,1.0,0.0,False,False,0,,30.0,1.0,29.0,27.4617,27.4617,0.001309,0.001385,0.079,restarts=16
RND4_2,4,12,qaoa_numpy,2.0,0.0,False,False,0,,30.0,1.0,29.0,27.55,27.55,0.006659,0.011384,0.276,restarts=16
RND4_2,4,12,qaoa_numpy,3.0,0.0,True,False,4,3.0,4.0,1.0,3.0,18.1989,18.1989,0.006273,0.257016,0.591,restarts=16
RND4_2,4,12,qaoa_numpy,4.0,0.0,True,False,4,3.0,4.0,1.0,3.0,23.4265,23.4265,4e-06,0.106095,0.971,restarts=16
RND4_2,4,12,qaoa_qiskit,1.0,0.0,True,True,1,0.0,1.0,1.0,0.0,28.1291,28.1291,0.000816,0.000894,0.237,"noiseless,shots=8192"
RND4_2,4,12,qaoa_qiskit,2.0,0.0,True,True,1,0.0,1.0,1.0,0.0,29.2491,29.2491,0.002933,0.003529,0.644,"noiseless,shots=8192"
RND4_2,4,12,qaoa_qiskit,3.0,0.0,True,True,1,0.0,1.0,1.0,0.0,29.9422,29.9422,0.002607,0.168033,0.861,"noiseless,shots=8192"
RND4_2,4,12,qaoa_qiskit,4.0,0.0,True,True,1,0.0,1.0,1.0,0.0,44.0503,44.0503,1.1e-05,0.024598,1.034,"noiseless,shots=8192"
RND4_2,4,12,qaoa_qiskit_noisy,1.0,0.0,True,True,1,0.0,1.0,1.0,0.0,28.0963,28.0963,0.000977,0.000977,0.209,"noisy,shots=8192"
RND4_2,4,12,qaoa_qiskit_noisy,2.0,0.0,True,True,1,0.0,1.0,1.0,0.0,29.4005,29.4005,0.001343,0.001587,0.612,"noisy,shots=8192"
RND4_2,4,12,qaoa_qiskit_noisy,3.0,0.0,True,True,1,0.0,1.0,1.0,0.0,30.1732,30.1732,0.002319,0.173096,0.82,"noisy,shots=8192"
RND4_2,4,12,qaoa_qiskit_noisy,4.0,0.0,True,False,2,1.0,2.0,1.0,1.0,43.9645,43.9645,0.0,0.025269,1.049,"noisy,shots=8192"
RND4_2,4,12,simulated_annealing,,1.0,True,False,3,2.0,3.0,1.0,2.0,,,,,1.19,"reads=80,sweeps=1500"
RND4_2,4,12,qaoa_numpy,1.0,1.0,False,False,0,,30.0,1.0,29.0,45.2778,45.2778,0.008087,0.011427,0.091,restarts=16
RND4_2,4,12,qaoa_numpy,2.0,1.0,False,False,0,,30.0,1.0,29.0,44.8324,44.8324,0.007852,0.010625,0.262,restarts=16
RND4_2,4,12,qaoa_numpy,3.0,1.0,False,False,0,,10.0,1.0,9.0,19.9,19.9,0.020372,0.047596,0.554,restarts=16
RND4_2,4,12,qaoa_numpy,4.0,1.0,True,True,1,0.0,1.0,1.0,0.0,15.8647,15.8647,0.017101,0.196476,0.998,restarts=16
RND4_2,4,12,qaoa_qiskit,1.0,1.0,True,True,1,0.0,1.0,1.0,0.0,38.5669,38.5669,0.000495,0.057592,0.423,"noiseless,shots=8192"
RND4_2,4,12,qaoa_qiskit,2.0,1.0,True,True,1,0.0,1.0,1.0,0.0,48.1484,48.1484,0.00616,0.014118,0.621,"noiseless,shots=8192"
RND4_2,4,12,qaoa_qiskit,3.0,1.0,True,True,1,0.0,1.0,1.0,0.0,47.8938,47.8938,4.6e-05,0.010661,0.862,"noiseless,shots=8192"
RND4_2,4,12,qaoa_qiskit,4.0,1.0,True,True,1,0.0,1.0,1.0,0.0,64.5047,64.5047,0.000732,0.013196,1.047,"noiseless,shots=8192"
RND4_2,4,12,qaoa_qiskit_noisy,1.0,1.0,True,True,1,0.0,1.0,1.0,0.0,38.4546,38.4546,0.000366,0.059814,0.4,"noisy,shots=8192"
RND4_2,4,12,qaoa_qiskit_noisy,2.0,1.0,True,True,1,0.0,1.0,1.0,0.0,48.2036,48.2036,0.005493,0.014648,0.632,"noisy,shots=8192"
RND4_2,4,12,qaoa_qiskit_noisy,3.0,1.0,True,False,2,1.0,2.0,1.0,1.0,47.6569,47.6569,0.0,0.010254,0.826,"noisy,shots=8192"
RND4_2,4,12,qaoa_qiskit_noisy,4.0,1.0,True,True,1,0.0,1.0,1.0,0.0,65.1984,65.1984,0.000488,0.013184,1.005,"noisy,shots=8192"
RND4_2,4,12,simulated_annealing,,2.0,True,False,3,2.0,3.0,1.0,2.0,,,,,1.231,"reads=80,sweeps=1500"
RND4_2,4,12,qaoa_numpy,1.0,2.0,False,False,0,,40.0,1.0,39.0,27.2745,27.2745,0.002708,0.004459,0.081,restarts=16
RND4_2,4,12,qaoa_numpy,2.0,2.0,False,False,0,,20.0,1.0,19.0,24.18,24.18,0.00787,0.028376,0.254,restarts=16
RND4_2,4,12,qaoa_numpy,3.0,2.0,False,False,0,,10.0,1.0,9.0,21.3609,21.3609,0.022998,0.041414,0.531,restarts=16
RND4_2,4,12,qaoa_numpy,4.0,2.0,False,False,0,,30.0,1.0,29.0,23.7819,23.7819,0.01698,0.054032,0.999,restarts=16
RND4_2,4,12,qaoa_qiskit,1.0,2.0,True,True,1,0.0,1.0,1.0,0.0,65.3367,65.3367,0.00075,0.006,0.289,"noiseless,shots=8192"
RND4_2,4,12,qaoa_qiskit,2.0,2.0,True,True,1,0.0,1.0,1.0,0.0,69.4265,69.4265,6.4e-05,0.003305,0.632,"noiseless,shots=8192"
RND4_2,4,12,qaoa_qiskit,3.0,2.0,True,True,1,0.0,1.0,1.0,0.0,35.1655,35.1655,0.001401,0.007703,0.847,"noiseless,shots=8192"
RND4_2,4,12,qaoa_qiskit,4.0,2.0,True,True,1,0.0,1.0,1.0,0.0,28.2481,28.2481,0.001606,0.011702,1.087,"noiseless,shots=8192"
RND4_2,4,12,qaoa_qiskit_noisy,1.0,2.0,True,True,1,0.0,1.0,1.0,0.0,65.2267,65.2267,0.000977,0.004883,0.27,"noisy,shots=8192"
RND4_2,4,12,qaoa_qiskit_noisy,2.0,2.0,True,False,2,1.0,2.0,1.0,1.0,68.7281,68.7281,0.0,0.002563,0.606,"noisy,shots=8192"
RND4_2,4,12,qaoa_qiskit_noisy,3.0,2.0,True,True,1,0.0,1.0,1.0,0.0,35.1821,35.1821,0.000732,0.006348,0.834,"noisy,shots=8192"
RND4_2,4,12,qaoa_qiskit_noisy,4.0,2.0,True,True,1,0.0,1.0,1.0,0.0,28.4102,28.4102,0.001343,0.012451,1.042,"noisy,shots=8192"
RND4_2,4,12,simulated_annealing,,3.0,True,False,2,1.0,2.0,1.0,1.0,,,,,1.222,"reads=80,sweeps=1500"
RND4_2,4,12,qaoa_numpy,1.0,3.0,False,False,0,,30.0,1.0,29.0,27.4617,27.4617,0.001309,0.001384,0.08,restarts=16
RND4_2,4,12,qaoa_numpy,2.0,3.0,False,False,0,,30.0,1.0,29.0,26.0856,26.0856,0.001958,0.018896,0.271,restarts=16
RND4_2,4,12,qaoa_numpy,3.0,3.0,False,False,0,,40.0,1.0,39.0,26.3339,26.3339,0.001038,0.032909,0.571,restarts=16
RND4_2,4,12,qaoa_numpy,4.0,3.0,False,False,0,,10.0,1.0,9.0,21.0703,21.0703,0.011343,0.064825,0.948,restarts=16
RND4_2,4,12,qaoa_qiskit,1.0,3.0,True,True,1,0.0,1.0,1.0,0.0,29.0416,29.0416,0.00119,0.086322,0.453,"noiseless,shots=8192"
RND4_2,4,12,qaoa_qiskit,2.0,3.0,True,True,1,0.0,1.0,1.0,0.0,26.7763,26.7763,0.007747,0.053234,0.652,"noiseless,shots=8192"
RND4_2,4,12,qaoa_qiskit,3.0,3.0,True,True,1,0.0,1.0,1.0,0.0,33.5948,33.5948,0.00099,0.076721,0.84,"noiseless,shots=8192"
RND4_2,4,12,qaoa_qiskit,4.0,3.0,True,True,1,0.0,1.0,1.0,0.0,59.6962,59.6962,0.000207,0.002867,1.052,"noiseless,shots=8192"
RND4_2,4,12,qaoa_qiskit_noisy,1.0,3.0,True,True,1,0.0,1.0,1.0,0.0,29.2684,29.2684,0.000854,0.082642,0.431,"noisy,shots=8192"
RND4_2,4,12,qaoa_qiskit_noisy,2.0,3.0,True,True,1,0.0,1.0,1.0,0.0,26.7426,26.7426,0.008179,0.050293,0.623,"noisy,shots=8192"
RND4_2,4,12,qaoa_qiskit_noisy,3.0,3.0,True,True,1,0.0,1.0,1.0,0.0,33.9053,33.9053,0.001587,0.078613,0.8,"noisy,shots=8192"
RND4_2,4,12,qaoa_qiskit_noisy,4.0,3.0,True,True,1,0.0,1.0,1.0,0.0,59.5155,59.5155,0.000244,0.001465,1.054,"noisy,shots=8192"
RND4_2,4,12,simulated_annealing,,4.0,True,False,3,2.0,3.0,1.0,2.0,,,,,1.122,"reads=80,sweeps=1500"
RND4_2,4,12,qaoa_numpy,1.0,4.0,False,False,0,,40.0,1.0,39.0,27.2746,27.2746,0.00271,0.004471,0.089,restarts=16
RND4_2,4,12,qaoa_numpy,2.0,4.0,False,False,0,,41.0,1.0,40.0,51.4893,51.4893,0.007048,0.016658,0.29,restarts=16
RND4_2,4,12,qaoa_numpy,3.0,4.0,False,False,1,,31.0,1.0,30.0,22.6317,22.6317,0.000431,0.049541,0.577,restarts=16
RND4_2,4,12,qaoa_numpy,4.0,4.0,False,False,0,,30.0,1.0,29.0,21.0817,21.0817,0.004179,0.077386,0.965,restarts=16
RND4_2,4,12,qaoa_qiskit,1.0,4.0,True,True,1,0.0,1.0,1.0,0.0,24.5072,24.5072,0.004022,0.021453,0.424,"noiseless,shots=8192"
RND4_2,4,12,qaoa_qiskit,2.0,4.0,True,True,1,0.0,1.0,1.0,0.0,22.9006,22.9006,0.006746,0.040259,0.661,"noiseless,shots=8192"
RND4_2,4,12,qaoa_qiskit,3.0,4.0,True,True,1,0.0,1.0,1.0,0.0,48.1103,48.1103,8.3e-05,0.013275,0.862,"noiseless,shots=8192"
RND4_2,4,12,qaoa_qiskit,4.0,4.0,True,True,1,0.0,1.0,1.0,0.0,55.6719,55.6719,0.00034,0.007051,1.039,"noiseless,shots=8192"
RND4_2,4,12,qaoa_qiskit_noisy,1.0,4.0,True,True,1,0.0,1.0,1.0,0.0,24.5995,24.5995,0.005005,0.023682,0.414,"noisy,shots=8192"
RND4_2,4,12,qaoa_qiskit_noisy,2.0,4.0,True,True,1,0.0,1.0,1.0,0.0,22.9833,22.9833,0.00708,0.039062,0.618,"noisy,shots=8192"
RND4_2,4,12,qaoa_qiskit_noisy,3.0,4.0,True,True,1,0.0,1.0,1.0,0.0,48.4835,48.4835,0.000122,0.012695,0.804,"noisy,shots=8192"
RND4_2,4,12,qaoa_qiskit_noisy,4.0,4.0,True,True,1,0.0,1.0,1.0,0.0,55.3761,55.3761,0.000122,0.005859,1.063,"noisy,shots=8192"
